{
  "Packages": [
    {
      "Package": {
        "Id": "Microsoft.Office.Interop.Excel",
        "Version": "15.0.4795.1000"
      },
      "Assemblies": [
        "C:\\Users\\OS\\.nuget\\packages\\microsoft.office.interop.excel/15.0.4795.1000\\lib/net20/Microsoft.Office.Interop.Excel.dll"
      ],
      "Path": "C:\\Users\\OS\\.nuget\\packages\\microsoft.office.interop.excel\\15.0.4795.1000"
    },
    {
      "Package": {
        "Id": "Microsoft.Office.Interop.Word",
        "Version": "15.0.4797.1003"
      },
      "Assemblies": [
        "C:\\Users\\OS\\.nuget\\packages\\microsoft.office.interop.word/15.0.4797.1003\\lib/net20/Microsoft.Office.Interop.Word.dll"
      ],
      "Path": "C:\\Users\\OS\\.nuget\\packages\\microsoft.office.interop.word\\15.0.4797.1003"
    },
    {
      "Package": {
        "Id": "PDF_Activities",
        "Version": "1.0.2"
      },
      "Assemblies": [
        "C:\\Users\\OS\\.nuget\\packages\\itextsharp/5.5.13.1\\lib/itextsharp.dll",
        "C:\\Users\\OS\\.nuget\\packages\\pdf_activities/1.0.2\\lib/pdfLibrary.dll"
      ],
      "Path": "C:\\Users\\OS\\.nuget\\packages\\pdf_activities\\1.0.2"
    },
    {
      "Package": {
        "Id": "UiPath.Excel.Activities",
        "Version": "2.9.0-preview"
      },
      "Assemblies": [
        "C:\\Users\\OS\\.nuget\\packages\\closedxml/0.94.2\\lib/net46/ClosedXML.dll",
        "C:\\Users\\OS\\.nuget\\packages\\csvhelper/2.13.5\\lib/net40-client/CsvHelper.dll",
        "C:\\Users\\OS\\.nuget\\packages\\documentformat.openxml/2.7.2\\lib/net46/DocumentFormat.OpenXml.dll",
        "C:\\Users\\OS\\.nuget\\packages\\excelnumberformat/1.0.3\\lib/net20/ExcelNumberFormat.dll",
        "C:\\Users\\OS\\.nuget\\packages\\fastmember/1.3.0\\lib/net45/FastMember.dll",
        "C:\\Users\\OS\\.nuget\\packages\\microsoft.visualstudio.ole.interop/7.10.6071\\lib/Microsoft.VisualStudio.OLE.Interop.dll",
        "C:\\Users\\OS\\.nuget\\packages\\npoi/2.4.1\\lib/net45/NPOI.OOXML.dll",
        "C:\\Users\\OS\\.nuget\\packages\\npoi/2.4.1\\lib/net45/NPOI.OpenXml4Net.dll",
        "C:\\Users\\OS\\.nuget\\packages\\npoi/2.4.1\\lib/net45/NPOI.OpenXmlFormats.dll",
        "C:\\Users\\OS\\.nuget\\packages\\npoi/2.4.1\\lib/net45/NPOI.dll",
        "C:\\Users\\OS\\.nuget\\packages\\sharpziplib/1.2.0\\lib/net45/ICSharpCode.SharpZipLib.dll",
        "C:\\Users\\OS\\.nuget\\packages\\system.io.filesystem.primitives/4.0.1\\lib/net46/System.IO.FileSystem.Primitives.dll",
        "C:\\Users\\OS\\.nuget\\packages\\system.io.packaging/4.0.0\\lib/net46/System.IO.Packaging.dll",
        "C:\\Users\\OS\\.nuget\\packages\\uipath.excel.activities/2.9.0-preview\\lib/net461/UiPath.Excel.Activities.Design.dll",
        "C:\\Users\\OS\\.nuget\\packages\\uipath.excel.activities/2.9.0-preview\\lib/net461/UiPath.Excel.Activities.dll",
        "C:\\Users\\OS\\.nuget\\packages\\uipath.excel.activities/2.9.0-preview\\lib/net461/UiPath.Excel.dll"
      ],
      "Path": "C:\\Users\\OS\\.nuget\\packages\\uipath.excel.activities\\2.9.0-preview"
    },
    {
      "Package": {
        "Id": "UiPath.Mail.Activities",
        "Version": "1.9.0-preview"
      },
      "Assemblies": [
        "C:\\Users\\OS\\.nuget\\packages\\bouncycastle/1.8.5\\lib/BouncyCastle.Crypto.dll",
        "C:\\Users\\OS\\.nuget\\packages\\interop.domino.dll/1.0.0\\lib/Interop.Domino.dll",
        "C:\\Users\\OS\\.nuget\\packages\\microsoft.exchange.webservices/2.2.0\\lib/40/Microsoft.Exchange.WebServices.Auth.dll",
        "C:\\Users\\OS\\.nuget\\packages\\microsoft.exchange.webservices/2.2.0\\lib/40/Microsoft.Exchange.WebServices.dll",
        "C:\\Users\\OS\\.nuget\\packages\\microsoft.identity.client/4.14.0\\lib/net45/Microsoft.Identity.Client.dll",
        "C:\\Users\\OS\\.nuget\\packages\\system.valuetuple/4.5.0\\lib/net461/System.ValueTuple.dll",
        "C:\\Users\\OS\\.nuget\\packages\\uipath.mail.activities/1.9.0-preview\\lib/net461/MailKit.dll",
        "C:\\Users\\OS\\.nuget\\packages\\uipath.mail.activities/1.9.0-preview\\lib/net461/MimeKit.dll",
        "C:\\Users\\OS\\.nuget\\packages\\uipath.mail.activities/1.9.0-preview\\lib/net461/UiPath.Mail.Activities.Design.dll",
        "C:\\Users\\OS\\.nuget\\packages\\uipath.mail.activities/1.9.0-preview\\lib/net461/UiPath.Mail.Activities.dll",
        "C:\\Users\\OS\\.nuget\\packages\\uipath.mail.activities/1.9.0-preview\\lib/net461/UiPath.Mail.dll"
      ],
      "Path": "C:\\Users\\OS\\.nuget\\packages\\uipath.mail.activities\\1.9.0-preview"
    },
    {
      "Package": {
        "Id": "UiPath.MicrosoftOffice365.Activities",
        "Version": "1.3.0"
      },
      "Assemblies": [
        "C:\\Users\\OS\\.nuget\\packages\\bouncycastle/1.8.5\\lib/BouncyCastle.Crypto.dll",
        "C:\\Users\\OS\\.nuget\\packages\\closedxml/0.94.2\\lib/net46/ClosedXML.dll",
        "C:\\Users\\OS\\.nuget\\packages\\documentformat.openxml/2.7.2\\lib/net46/DocumentFormat.OpenXml.dll",
        "C:\\Users\\OS\\.nuget\\packages\\excelnumberformat/1.0.3\\lib/net20/ExcelNumberFormat.dll",
        "C:\\Users\\OS\\.nuget\\packages\\fastmember/1.3.0\\lib/net45/FastMember.dll",
        "C:\\Users\\OS\\.nuget\\packages\\microsoft.graph/1.12.0\\lib/net45/Microsoft.Graph.dll",
        "C:\\Users\\OS\\.nuget\\packages\\microsoft.graph.core/1.12.0\\lib/net45/Microsoft.Graph.Core.dll",
        "C:\\Users\\OS\\.nuget\\packages\\microsoft.identity.client/4.14.0\\lib/net45/Microsoft.Identity.Client.dll",
        "C:\\Users\\OS\\.nuget\\packages\\mimekit/2.1.3\\lib/net45/MimeKit.dll",
        "C:\\Users\\OS\\.nuget\\packages\\newtonsoft.json/11.0.2\\lib/net45/Newtonsoft.Json.dll",
        "C:\\Users\\OS\\.nuget\\packages\\system.io.filesystem.primitives/4.0.1\\lib/net46/System.IO.FileSystem.Primitives.dll",
        "C:\\Users\\OS\\.nuget\\packages\\system.io.packaging/4.0.0\\lib/net46/System.IO.Packaging.dll",
        "C:\\Users\\OS\\.nuget\\packages\\system.runtime.compilerservices.unsafe/4.5.1\\lib/netstandard2.0/System.Runtime.CompilerServices.Unsafe.dll",
        "C:\\Users\\OS\\.nuget\\packages\\uipath.microsoftoffice365.activities/1.3.0\\lib/net461/UiPath.MicrosoftOffice365.Activities.Design.dll",
        "C:\\Users\\OS\\.nuget\\packages\\uipath.microsoftoffice365.activities/1.3.0\\lib/net461/UiPath.MicrosoftOffice365.Activities.dll",
        "C:\\Users\\OS\\.nuget\\packages\\uipath.microsoftoffice365.activities/1.3.0\\lib/net461/UiPath.MicrosoftOffice365.dll"
      ],
      "Path": "C:\\Users\\OS\\.nuget\\packages\\uipath.microsoftoffice365.activities\\1.3.0"
    },
    {
      "Package": {
        "Id": "UiPath.PDF.Activities",
        "Version": "3.2.2"
      },
      "Assemblies": [
        "C:\\Users\\OS\\.nuget\\packages\\bitmiracle.docotic.pdf/5.10.9957\\lib/net40/BitMiracle.Docotic.Pdf.dll",
        "C:\\Users\\OS\\.nuget\\packages\\system.valuetuple/4.5.0\\lib/net461/System.ValueTuple.dll",
        "C:\\Users\\OS\\.nuget\\packages\\uipath.ocr.contracts/2.6.0\\lib/net461/UiPath.OCR.Contracts.dll",
        "C:\\Users\\OS\\.nuget\\packages\\uipath.pdf.activities/3.2.2\\lib/net461/UiPath.PDF.Activities.Design.dll",
        "C:\\Users\\OS\\.nuget\\packages\\uipath.pdf.activities/3.2.2\\lib/net461/UiPath.PDF.Activities.dll",
        "C:\\Users\\OS\\.nuget\\packages\\uipath.pdf.activities/3.2.2\\lib/net461/UiPath.PDF.dll"
      ],
      "Path": "C:\\Users\\OS\\.nuget\\packages\\uipath.pdf.activities\\3.2.2"
    },
    {
      "Package": {
        "Id": "UiPath.System.Activities",
        "Version": "20.6.1-preview"
      },
      "Assemblies": [
        "C:\\Users\\OS\\.nuget\\packages\\csvhelper/2.13.5\\lib/net40-client/CsvHelper.dll",
        "C:\\Users\\OS\\.nuget\\packages\\microsoft.aspnet.signalr.client/2.4.0\\lib/net45/Microsoft.AspNet.SignalR.Client.dll",
        "C:\\Users\\OS\\.nuget\\packages\\microsoft.rest.clientruntime/2.3.21\\lib/net461/Microsoft.Rest.ClientRuntime.dll",
        "C:\\Users\\OS\\.nuget\\packages\\newtonsoft.json/11.0.2\\lib/net45/Newtonsoft.Json.dll",
        "C:\\Users\\OS\\.nuget\\packages\\sharpziplib/1.2.0\\lib/net45/ICSharpCode.SharpZipLib.dll",
        "C:\\Users\\OS\\.nuget\\packages\\uipath.system.activities/20.6.1-preview\\lib/net461/ActiproSoftware.Docking.Wpf.dll",
        "C:\\Users\\OS\\.nuget\\packages\\uipath.system.activities/20.6.1-preview\\lib/net461/ActiproSoftware.Ribbon.Wpf.dll",
        "C:\\Users\\OS\\.nuget\\packages\\uipath.system.activities/20.6.1-preview\\lib/net461/ActiproSoftware.Shared.Wpf.dll",
        "C:\\Users\\OS\\.nuget\\packages\\uipath.system.activities/20.6.1-preview\\lib/net461/ActiproSoftware.SyntaxEditor.Addons.DotNet.Wpf.dll",
        "C:\\Users\\OS\\.nuget\\packages\\uipath.system.activities/20.6.1-preview\\lib/net461/ActiproSoftware.SyntaxEditor.Wpf.dll",
        "C:\\Users\\OS\\.nuget\\packages\\uipath.system.activities/20.6.1-preview\\lib/net461/ActiproSoftware.Text.Addons.DotNet.Wpf.dll",
        "C:\\Users\\OS\\.nuget\\packages\\uipath.system.activities/20.6.1-preview\\lib/net461/ActiproSoftware.Text.LLParser.Wpf.dll",
        "C:\\Users\\OS\\.nuget\\packages\\uipath.system.activities/20.6.1-preview\\lib/net461/ActiproSoftware.Text.Wpf.dll",
        "C:\\Users\\OS\\.nuget\\packages\\uipath.system.activities/20.6.1-preview\\lib/net461/ActiproSoftware.Wizard.Wpf.dll",
        "C:\\Users\\OS\\.nuget\\packages\\uipath.system.activities/20.6.1-preview\\lib/net461/UiPath.OrchestratorClient.dll",
        "C:\\Users\\OS\\.nuget\\packages\\uipath.system.activities/20.6.1-preview\\lib/net461/UiPath.System.Activities.Design.dll",
        "C:\\Users\\OS\\.nuget\\packages\\uipath.system.activities/20.6.1-preview\\lib/net461/UiPath.System.Activities.dll"
      ],
      "Path": "C:\\Users\\OS\\.nuget\\packages\\uipath.system.activities\\20.6.1-preview"
    },
    {
      "Package": {
        "Id": "UiPath.UIAutomation.Activities",
        "Version": "20.6.0-preview"
      },
      "Assemblies": [
        "C:\\Users\\OS\\.nuget\\packages\\avalonedit/5.0.3\\lib/Net40/ICSharpCode.AvalonEdit.dll",
        "C:\\Users\\OS\\.nuget\\packages\\extended.wpf.toolkit/2.8.0\\lib/net40/Xceed.Wpf.AvalonDock.Themes.Aero.dll",
        "C:\\Users\\OS\\.nuget\\packages\\extended.wpf.toolkit/2.8.0\\lib/net40/Xceed.Wpf.AvalonDock.Themes.Metro.dll",
        "C:\\Users\\OS\\.nuget\\packages\\extended.wpf.toolkit/2.8.0\\lib/net40/Xceed.Wpf.AvalonDock.Themes.VS2010.dll",
        "C:\\Users\\OS\\.nuget\\packages\\extended.wpf.toolkit/2.8.0\\lib/net40/Xceed.Wpf.AvalonDock.dll",
        "C:\\Users\\OS\\.nuget\\packages\\extended.wpf.toolkit/2.8.0\\lib/net40/Xceed.Wpf.DataGrid.dll",
        "C:\\Users\\OS\\.nuget\\packages\\extended.wpf.toolkit/2.8.0\\lib/net40/Xceed.Wpf.Toolkit.dll",
        "C:\\Users\\OS\\.nuget\\packages\\humanizer.core/2.4.2\\lib/netstandard2.0/Humanizer.dll",
        "C:\\Users\\OS\\.nuget\\packages\\newtonsoft.json/11.0.2\\lib/net45/Newtonsoft.Json.dll",
        "C:\\Users\\OS\\.nuget\\packages\\system.io.abstractions/3.0.10\\lib/net40/System.IO.Abstractions.dll",
        "C:\\Users\\OS\\.nuget\\packages\\system.threading.tasks.dataflow/4.10.0\\lib/netstandard2.0/System.Threading.Tasks.Dataflow.dll",
        "C:\\Users\\OS\\.nuget\\packages\\system.valuetuple/4.5.0\\lib/net461/System.ValueTuple.dll",
        "C:\\Users\\OS\\.nuget\\packages\\uipath/20.6.7473.25550-preview\\lib/UiPath.Interop.dll",
        "C:\\Users\\OS\\.nuget\\packages\\uipath.ocr.contracts/2.6.0\\lib/net461/UiPath.OCR.Contracts.dll",
        "C:\\Users\\OS\\.nuget\\packages\\uipath.platform/20.4.0\\lib/net461/UiPath.Platform.dll",
        "C:\\Users\\OS\\.nuget\\packages\\uipath.telemetry.client/1.2.20\\lib/net461/TelemetryClient.dll",
        "C:\\Users\\OS\\.nuget\\packages\\uipath.uiautomation.activities/20.6.0-preview\\lib/net461/ActiproSoftware.DataGrid.Contrib.Wpf.dll",
        "C:\\Users\\OS\\.nuget\\packages\\uipath.uiautomation.activities/20.6.0-preview\\lib/net461/ActiproSoftware.Docking.Wpf.dll",
        "C:\\Users\\OS\\.nuget\\packages\\uipath.uiautomation.activities/20.6.0-preview\\lib/net461/ActiproSoftware.Editors.Wpf.dll",
        "C:\\Users\\OS\\.nuget\\packages\\uipath.uiautomation.activities/20.6.0-preview\\lib/net461/ActiproSoftware.Ribbon.Wpf.dll",
        "C:\\Users\\OS\\.nuget\\packages\\uipath.uiautomation.activities/20.6.0-preview\\lib/net461/ActiproSoftware.Shared.Wpf.dll",
        "C:\\Users\\OS\\.nuget\\packages\\uipath.uiautomation.activities/20.6.0-preview\\lib/net461/ActiproSoftware.SyntaxEditor.Addons.DotNet.Wpf.dll",
        "C:\\Users\\OS\\.nuget\\packages\\uipath.uiautomation.activities/20.6.0-preview\\lib/net461/ActiproSoftware.SyntaxEditor.Wpf.dll",
        "C:\\Users\\OS\\.nuget\\packages\\uipath.uiautomation.activities/20.6.0-preview\\lib/net461/ActiproSoftware.Text.Addons.DotNet.Wpf.dll",
        "C:\\Users\\OS\\.nuget\\packages\\uipath.uiautomation.activities/20.6.0-preview\\lib/net461/ActiproSoftware.Text.LLParser.Wpf.dll",
        "C:\\Users\\OS\\.nuget\\packages\\uipath.uiautomation.activities/20.6.0-preview\\lib/net461/ActiproSoftware.Text.Wpf.dll",
        "C:\\Users\\OS\\.nuget\\packages\\uipath.uiautomation.activities/20.6.0-preview\\lib/net461/ActiproSoftware.Wizard.Wpf.dll",
        "C:\\Users\\OS\\.nuget\\packages\\uipath.uiautomation.activities/20.6.0-preview\\lib/net461/UiPath.CV.Activities.Design.dll",
        "C:\\Users\\OS\\.nuget\\packages\\uipath.uiautomation.activities/20.6.0-preview\\lib/net461/UiPath.CV.Activities.dll",
        "C:\\Users\\OS\\.nuget\\packages\\uipath.uiautomation.activities/20.6.0-preview\\lib/net461/UiPath.CV.dll",
        "C:\\Users\\OS\\.nuget\\packages\\uipath.uiautomation.activities/20.6.0-preview\\lib/net461/UiPath.UIAutomation.Activities.Design.dll",
        "C:\\Users\\OS\\.nuget\\packages\\uipath.uiautomation.activities/20.6.0-preview\\lib/net461/UiPath.UiAutomation.Activities.dll",
        "C:\\Users\\OS\\.nuget\\packages\\uipath.uiautomation.activities/20.6.0-preview\\lib/net461/UiPath.Wizards.dll",
        "C:\\Users\\OS\\.nuget\\packages\\uipath.vision/2.1.0-preview\\lib/net461/UiPath.Vision.AzureComputerVision.dll",
        "C:\\Users\\OS\\.nuget\\packages\\uipath.vision/2.1.0-preview\\lib/net461/UiPath.Vision.Core.dll",
        "C:\\Users\\OS\\.nuget\\packages\\uipath.vision/2.1.0-preview\\lib/net461/UiPath.Vision.GoogleCloud.dll",
        "C:\\Users\\OS\\.nuget\\packages\\uipath.vision/2.1.0-preview\\lib/net461/UiPath.Vision.Microsoft.dll",
        "C:\\Users\\OS\\.nuget\\packages\\uipath.vision/2.1.0-preview\\lib/net461/UiPath.Vision.MicrosoftCloud.dll",
        "C:\\Users\\OS\\.nuget\\packages\\uipath.vision/2.1.0-preview\\lib/net461/UiPath.Vision.Tesseract.dll",
        "C:\\Users\\OS\\.nuget\\packages\\uipath.vision/2.1.0-preview\\lib/net461/UiPath.Vision.dll"
      ],
      "Path": "C:\\Users\\OS\\.nuget\\packages\\uipath.uiautomation.activities\\20.6.0-preview"
    },
    {
      "Package": {
        "Id": "UiPath.Word.Activities",
        "Version": "1.5.0-preview"
      },
      "Assemblies": [
        "C:\\Users\\OS\\.nuget\\packages\\docx/1.0.0.18\\lib/net40/DocX.dll",
        "C:\\Users\\OS\\.nuget\\packages\\uipath.word.activities/1.5.0-preview\\lib/net461/UiPath.Word.Activities.Design.dll",
        "C:\\Users\\OS\\.nuget\\packages\\uipath.word.activities/1.5.0-preview\\lib/net461/UiPath.Word.Activities.dll",
        "C:\\Users\\OS\\.nuget\\packages\\uipath.word.activities/1.5.0-preview\\lib/net461/UiPath.Word.dll"
      ],
      "Path": "C:\\Users\\OS\\.nuget\\packages\\uipath.word.activities\\1.5.0-preview"
    },
    {
      "Package": {
        "Id": "UiPathTeam.ExtractWordDocumentDatatable",
        "Version": "1.0.0"
      },
      "Assemblies": [
        "C:\\Users\\OS\\.nuget\\packages\\uipathteam.extractworddocumentdatatable/1.0.0\\lib/UiPathTeam.ExtractWordDocumentDataTable.dll"
      ],
      "Path": "C:\\Users\\OS\\.nuget\\packages\\uipathteam.extractworddocumentdatatable\\1.0.0"
    },
    {
      "Package": {
        "Id": "UiPathTeam.PDF.Extensions.Activities",
        "Version": "2.4.0"
      },
      "Assemblies": [
        "C:\\Users\\OS\\.nuget\\packages\\pdfsharp/1.50.5147\\lib/net20/PdfSharp.Charting.dll",
        "C:\\Users\\OS\\.nuget\\packages\\pdfsharp/1.50.5147\\lib/net20/PdfSharp.dll",
        "C:\\Users\\OS\\.nuget\\packages\\uipathteam.pdf.extensions.activities/2.4.0\\lib/net461/UiPathTeam.PDF.Extensions.Activities.dll"
      ],
      "Path": "C:\\Users\\OS\\.nuget\\packages\\uipathteam.pdf.extensions.activities\\2.4.0"
    },
    {
      "Package": {
        "Id": "WordActivities",
        "Version": "2.3.3"
      },
      "Assemblies": [
        "C:\\Users\\OS\\.nuget\\packages\\wordactivities/2.3.3\\lib/MSWord.dll"
      ],
      "Path": "C:\\Users\\OS\\.nuget\\packages\\wordactivities\\2.3.3"
    },
    {
      "Package": {
        "Id": "BalaReva.PDF.Activities",
        "Version": "[2019.3.0]"
      },
      "Assemblies": [],
      "Path": null
    },
    {
      "Package": {
        "Id": "BalaReva.Excel.Activities",
        "Version": "2020.0.0"
      },
      "Assemblies": [
        "C:\\Users\\OS\\.nuget\\packages\\balareva.excel.activities/2020.0.0\\lib/BalaReva.Excel.Base.dll",
        "C:\\Users\\OS\\.nuget\\packages\\balareva.excel.activities/2020.0.0\\lib/BalaReva.Excel.Design.dll",
        "C:\\Users\\OS\\.nuget\\packages\\balareva.excel.activities/2020.0.0\\lib/BalaReva.Excel.dll",
        "C:\\Users\\OS\\.nuget\\packages\\balareva.excel.activities/2020.0.0\\lib/BalaReva.Excel.Utilities.dll",
        "C:\\Users\\OS\\.nuget\\packages\\microsoft.office.interop.excel/15.0.4795.1000\\lib/net20/Microsoft.Office.Interop.Excel.dll",
        "C:\\Users\\OS\\.nuget\\packages\\microsoftofficecore/15.0.0\\lib/net35/Office.dll"
      ],
      "Path": "C:\\Users\\OS\\.nuget\\packages\\balareva.excel.activities\\2020.0.0"
    },
    {
      "Package": {
        "Id": "BalaReva.DataTable.Activities",
        "Version": "2.0.2"
      },
      "Assemblies": [
        "C:\\Users\\OS\\.nuget\\packages\\balareva.datatable.activities/2.0.2\\lib/DataTableExtensions.Activities.dll",
        "C:\\Users\\OS\\.nuget\\packages\\balareva.datatable.activities/2.0.2\\lib/DataTableGroup.Design.dll"
      ],
      "Path": "C:\\Users\\OS\\.nuget\\packages\\balareva.datatable.activities\\2.0.2"
    },
    {
      "Package": {
        "Id": "BalaReva.Word.Activities",
        "Version": "4.0.0"
      },
      "Assemblies": [
        "C:\\Users\\OS\\.nuget\\packages\\balareva.word.activities/4.0.0\\lib/BalaReva.Word.Activities.dll",
        "C:\\Users\\OS\\.nuget\\packages\\balareva.word.activities/4.0.0\\lib/BalaReva.Word.Design.dll",
        "C:\\Users\\OS\\.nuget\\packages\\balareva.word.activities/4.0.0\\lib/BalaReva.Word.Utilities.dll",
        "C:\\Users\\OS\\.nuget\\packages\\microsoft.office.interop.word/15.0.4797.1003\\lib/net20/Microsoft.Office.Interop.Word.dll"
      ],
      "Path": "C:\\Users\\OS\\.nuget\\packages\\balareva.word.activities\\4.0.0"
    }
  ],
  "Conflicts": [],
  "ResolvedDependencies": {
    "AvalonEdit": {
      "Id": "AvalonEdit",
      "Version": "5.0.3",
      "Dependencies": []
    },
    "BalaReva.DataTable.Activities": {
      "Id": "BalaReva.DataTable.Activities",
      "Version": "2.0.2",
      "Dependencies": []
    },
    "BalaReva.Excel.Activities": {
      "Id": "BalaReva.Excel.Activities",
      "Version": "2020.0.0",
      "Dependencies": [
        {
          "Item1": "Microsoft.Office.Interop.Excel",
          "Item2": "[15.0.4795.1000, )"
        },
        {
          "Item1": "MicrosoftOfficeCore",
          "Item2": "[15.0.0, )"
        }
      ]
    },
    "BalaReva.Pdf.Activities": {
      "Id": "BalaReva.Pdf.Activities",
      "Version": "2019.3.0",
      "Dependencies": [
        {
          "Item1": "iTextSharp",
          "Item2": "[5.5.13.1, )"
        }
      ]
    },
    "BalaReva.Word.Activities": {
      "Id": "BalaReva.Word.Activities",
      "Version": "4.0.0",
      "Dependencies": [
        {
          "Item1": "Microsoft.Office.Interop.Word",
          "Item2": "[15.0.4797.1003, )"
        }
      ]
    },
    "BitMiracle.Docotic.Pdf": {
      "Id": "BitMiracle.Docotic.Pdf",
      "Version": "5.10.9957",
      "Dependencies": []
    },
    "BouncyCastle": {
      "Id": "BouncyCastle",
      "Version": "1.8.5",
      "Dependencies": []
    },
    "ClosedXML": {
      "Id": "ClosedXML",
      "Version": "0.94.2",
      "Dependencies": [
        {
          "Item1": "DocumentFormat.OpenXml",
          "Item2": "[2.7.2, )"
        },
        {
          "Item1": "ExcelNumberFormat",
          "Item2": "[1.0.3, )"
        },
        {
          "Item1": "FastMember",
          "Item2": "[1.3.0, )"
        }
      ]
    },
    "CsvHelper": {
      "Id": "CsvHelper",
      "Version": "2.13.5",
      "Dependencies": []
    },
    "DocumentFormat.OpenXml": {
      "Id": "DocumentFormat.OpenXml",
      "Version": "2.7.2",
      "Dependencies": [
        {
          "Item1": "System.IO.Packaging",
          "Item2": "[4.0.0, )"
        }
      ]
    },
    "DocX": {
      "Id": "DocX",
      "Version": "1.0.0.18",
      "Dependencies": []
    },
    "ExcelNumberFormat": {
      "Id": "ExcelNumberFormat",
      "Version": "1.0.3",
      "Dependencies": []
    },
    "Extended.Wpf.Toolkit": {
      "Id": "Extended.Wpf.Toolkit",
      "Version": "2.8.0",
      "Dependencies": []
    },
    "FastMember": {
      "Id": "FastMember",
      "Version": "1.3.0",
      "Dependencies": []
    },
    "Humanizer.Core": {
      "Id": "Humanizer.Core",
      "Version": "2.4.2",
      "Dependencies": []
    },
    "interop.domino.dll": {
      "Id": "interop.domino.dll",
      "Version": "1.0.0",
      "Dependencies": []
    },
    "iTextSharp": {
      "Id": "iTextSharp",
      "Version": "5.5.13.1",
      "Dependencies": []
    },
    "Microsoft.AspNet.SignalR.Client": {
      "Id": "Microsoft.AspNet.SignalR.Client",
      "Version": "2.4.0",
      "Dependencies": [
        {
          "Item1": "Newtonsoft.Json",
          "Item2": "[6.0.4, )"
        }
      ]
    },
    "Microsoft.Exchange.WebServices": {
      "Id": "Microsoft.Exchange.WebServices",
      "Version": "2.2.0",
      "Dependencies": []
    },
    "Microsoft.Graph": {
      "Id": "Microsoft.Graph",
      "Version": "1.12.0",
      "Dependencies": [
        {
          "Item1": "Microsoft.Graph.Core",
          "Item2": "[1.12.0, )"
        },
        {
          "Item1": "Newtonsoft.Json",
          "Item2": "[6.0.1, 12.0.0)"
        }
      ]
    },
    "Microsoft.Graph.Core": {
      "Id": "Microsoft.Graph.Core",
      "Version": "1.12.0",
      "Dependencies": [
        {
          "Item1": "Newtonsoft.Json",
          "Item2": "[6.0.1, 12.0.0)"
        }
      ]
    },
    "Microsoft.Identity.Client": {
      "Id": "Microsoft.Identity.Client",
      "Version": "4.14.0",
      "Dependencies": []
    },
    "Microsoft.Office.Interop.Excel": {
      "Id": "Microsoft.Office.Interop.Excel",
      "Version": "15.0.4795.1000",
      "Dependencies": []
    },
    "Microsoft.Office.Interop.Word": {
      "Id": "Microsoft.Office.Interop.Word",
      "Version": "15.0.4797.1003",
      "Dependencies": []
    },
    "Microsoft.Rest.ClientRuntime": {
      "Id": "Microsoft.Rest.ClientRuntime",
      "Version": "2.3.21",
      "Dependencies": [
        {
          "Item1": "Newtonsoft.Json",
          "Item2": "[10.0.3, )"
        }
      ]
    },
    "Microsoft.VisualStudio.OLE.Interop": {
      "Id": "Microsoft.VisualStudio.OLE.Interop",
      "Version": "7.10.6071",
      "Dependencies": []
    },
    "MicrosoftOfficeCore": {
      "Id": "MicrosoftOfficeCore",
      "Version": "15.0.0",
      "Dependencies": []
    },
    "MimeKit": {
      "Id": "MimeKit",
      "Version": "2.1.3",
      "Dependencies": [
        {
          "Item1": "BouncyCastle",
          "Item2": "[1.8.2, )"
        }
      ]
    },
    "Newtonsoft.Json": {
      "Id": "Newtonsoft.Json",
      "Version": "11.0.2",
      "Dependencies": []
    },
    "NPOI": {
      "Id": "NPOI",
      "Version": "2.4.1",
      "Dependencies": [
        {
          "Item1": "SharpZipLib",
          "Item2": "[1.0.0, )"
        }
      ]
    },
    "PDFsharp": {
      "Id": "PDFsharp",
      "Version": "1.50.5147",
      "Dependencies": []
    },
    "PDF_Activities": {
      "Id": "PDF_Activities",
      "Version": "1.0.2",
      "Dependencies": [
        {
          "Item1": "iTextSharp",
          "Item2": "[5.5.13, )"
        }
      ]
    },
    "SharpZipLib": {
      "Id": "SharpZipLib",
      "Version": "1.2.0",
      "Dependencies": []
    },
    "System.IO.Abstractions": {
      "Id": "System.IO.Abstractions",
      "Version": "3.0.10",
      "Dependencies": []
    },
    "System.IO.FileSystem.Primitives": {
      "Id": "System.IO.FileSystem.Primitives",
      "Version": "4.0.1",
      "Dependencies": []
    },
    "System.IO.Packaging": {
      "Id": "System.IO.Packaging",
      "Version": "4.0.0",
      "Dependencies": [
        {
          "Item1": "System.IO.FileSystem.Primitives",
          "Item2": "[4.0.1, )"
        }
      ]
    },
    "System.Runtime.CompilerServices.Unsafe": {
      "Id": "System.Runtime.CompilerServices.Unsafe",
      "Version": "4.5.1",
      "Dependencies": []
    },
    "System.Threading.Tasks.Dataflow": {
      "Id": "System.Threading.Tasks.Dataflow",
      "Version": "4.10.0",
      "Dependencies": []
    },
    "System.ValueTuple": {
      "Id": "System.ValueTuple",
      "Version": "4.5.0",
      "Dependencies": []
    },
    "UiPath": {
      "Id": "UiPath",
      "Version": "20.6.7473.25550-preview",
      "Dependencies": []
    },
    "UiPath.Excel.Activities": {
      "Id": "UiPath.Excel.Activities",
      "Version": "2.9.0-preview",
      "Dependencies": [
        {
          "Item1": "ClosedXML",
          "Item2": "[0.87.1, )"
        },
        {
          "Item1": "CsvHelper",
          "Item2": "[2.13.5, )"
        },
        {
          "Item1": "DocumentFormat.OpenXml",
          "Item2": "[2.5.0, )"
        },
        {
          "Item1": "Microsoft.VisualStudio.OLE.Interop",
          "Item2": "[7.10.6071, )"
        },
        {
          "Item1": "NPOI",
          "Item2": "[2.4.1, )"
        },
        {
          "Item1": "SharpZipLib",
          "Item2": "[1.0.0, )"
        }
      ]
    },
    "UiPath.Mail.Activities": {
      "Id": "UiPath.Mail.Activities",
      "Version": "1.9.0-preview",
      "Dependencies": [
        {
          "Item1": "System.ValueTuple",
          "Item2": "[4.5.0, )"
        },
        {
          "Item1": "Microsoft.Exchange.WebServices",
          "Item2": "[2.2.0, )"
        },
        {
          "Item1": "Microsoft.Identity.Client",
          "Item2": "[4.14.0, )"
        },
        {
          "Item1": "BouncyCastle",
          "Item2": "[1.8.5, )"
        },
        {
          "Item1": "interop.domino.dll",
          "Item2": "[1.0.0, )"
        }
      ]
    },
    "UiPath.MicrosoftOffice365.Activities": {
      "Id": "UiPath.MicrosoftOffice365.Activities",
      "Version": "1.3.0",
      "Dependencies": [
        {
          "Item1": "BouncyCastle",
          "Item2": "[1.8.2, )"
        },
        {
          "Item1": "ClosedXML",
          "Item2": "[0.94.2, )"
        },
        {
          "Item1": "DocumentFormat.OpenXml",
          "Item2": "[2.7.2, )"
        },
        {
          "Item1": "ExcelNumberFormat",
          "Item2": "[1.0.3, )"
        },
        {
          "Item1": "FastMember",
          "Item2": "[1.3.0, )"
        },
        {
          "Item1": "Microsoft.Graph",
          "Item2": "[1.12.0, )"
        },
        {
          "Item1": "Microsoft.Graph.Core",
          "Item2": "[1.12.0, )"
        },
        {
          "Item1": "Microsoft.Identity.Client",
          "Item2": "[2.7.1, )"
        },
        {
          "Item1": "MimeKit",
          "Item2": "[2.1.3, )"
        },
        {
          "Item1": "Newtonsoft.Json",
          "Item2": "[10.0.3, )"
        },
        {
          "Item1": "System.IO.FileSystem.Primitives",
          "Item2": "[4.0.1, )"
        },
        {
          "Item1": "System.IO.Packaging",
          "Item2": "[4.0.0, )"
        },
        {
          "Item1": "System.Runtime.CompilerServices.Unsafe",
          "Item2": "[4.5.1, )"
        }
      ]
    },
    "UiPath.OCR.Contracts": {
      "Id": "UiPath.OCR.Contracts",
      "Version": "2.6.0",
      "Dependencies": []
    },
    "UiPath.PDF.Activities": {
      "Id": "UiPath.PDF.Activities",
      "Version": "3.2.2",
      "Dependencies": [
        {
          "Item1": "UiPath.OCR.Contracts",
          "Item2": "[2.6.0, )"
        },
        {
          "Item1": "System.ValueTuple",
          "Item2": "[4.5.0, )"
        },
        {
          "Item1": "BitMiracle.Docotic.Pdf",
          "Item2": "[5.10.9957, )"
        }
      ]
    },
    "UiPath.Platform": {
      "Id": "UiPath.Platform",
      "Version": "20.4.0",
      "Dependencies": [
        {
          "Item1": "Newtonsoft.Json",
          "Item2": "[11.0.2, )"
        },
        {
          "Item1": "System.IO.Abstractions",
          "Item2": "[3.0.10, )"
        },
        {
          "Item1": "System.ValueTuple",
          "Item2": "[4.5.0, )"
        }
      ]
    },
    "UiPath.System.Activities": {
      "Id": "UiPath.System.Activities",
      "Version": "20.6.1-preview",
      "Dependencies": [
        {
          "Item1": "CsvHelper",
          "Item2": "[2.13.5, )"
        },
        {
          "Item1": "Microsoft.AspNet.SignalR.Client",
          "Item2": "[2.4.0, )"
        },
        {
          "Item1": "Microsoft.Rest.ClientRuntime",
          "Item2": "[2.3.21, )"
        },
        {
          "Item1": "Newtonsoft.Json",
          "Item2": "[11.0.2, )"
        },
        {
          "Item1": "SharpZipLib",
          "Item2": "[1.2.0, )"
        }
      ]
    },
    "UiPath.Telemetry.Client": {
      "Id": "UiPath.Telemetry.Client",
      "Version": "1.2.20",
      "Dependencies": [
        {
          "Item1": "Newtonsoft.Json",
          "Item2": "[11.0.1, )"
        },
        {
          "Item1": "System.Threading.Tasks.Dataflow",
          "Item2": "[4.10.0, )"
        }
      ]
    },
    "UiPath.UIAutomation.Activities": {
      "Id": "UiPath.UIAutomation.Activities",
      "Version": "20.6.0-preview",
      "Dependencies": [
        {
          "Item1": "UiPath",
          "Item2": "[20.6.7473.25550-preview, 20.6.7473.25550-preview]"
        },
        {
          "Item1": "UiPath.Vision",
          "Item2": "[2.1.0-preview, )"
        },
        {
          "Item1": "UiPath.OCR.Contracts",
          "Item2": "[2.6.0, )"
        },
        {
          "Item1": "UiPath.Platform",
          "Item2": "[20.4.0, )"
        },
        {
          "Item1": "AvalonEdit",
          "Item2": "[5.0.3, )"
        },
        {
          "Item1": "Extended.Wpf.Toolkit",
          "Item2": "[2.8.0, )"
        },
        {
          "Item1": "Humanizer.Core",
          "Item2": "[2.4.2, )"
        },
        {
          "Item1": "Newtonsoft.Json",
          "Item2": "[11.0.2, )"
        },
        {
          "Item1": "System.IO.Abstractions",
          "Item2": "[3.0.10, )"
        },
        {
          "Item1": "System.ValueTuple",
          "Item2": "[4.5.0, )"
        },
        {
          "Item1": "UiPath.Telemetry.Client",
          "Item2": "[1.2.20, )"
        }
      ]
    },
    "UiPath.Vision": {
      "Id": "UiPath.Vision",
      "Version": "2.1.0-preview",
      "Dependencies": [
        {
          "Item1": "UiPath.OCR.Contracts",
          "Item2": "[2.6.0, )"
        }
      ]
    },
    "UiPath.Word.Activities": {
      "Id": "UiPath.Word.Activities",
      "Version": "1.5.0-preview",
      "Dependencies": [
        {
          "Item1": "DocX",
          "Item2": "[1.0.0.18, )"
        }
      ]
    },
    "UiPathTeam.ExtractWordDocumentDatatable": {
      "Id": "UiPathTeam.ExtractWordDocumentDatatable",
      "Version": "1.0.0",
      "Dependencies": []
    },
    "UiPathTeam.PDF.Extensions.Activities": {
      "Id": "UiPathTeam.PDF.Extensions.Activities",
      "Version": "2.4.0",
      "Dependencies": [
        {
          "Item1": "PDFsharp",
          "Item2": "[1.50.5147, )"
        }
      ]
    },
    "WordActivities": {
      "Id": "WordActivities",
      "Version": "2.3.3",
      "Dependencies": []
    }
  },
  "AllPackages": [
    {
      "Package": {
        "Id": "AvalonEdit",
        "Version": "5.0.3"
      },
      "Assemblies": [
        "C:\\Users\\OS\\.nuget\\packages\\avalonedit\\5.0.3\\lib\\Net40\\ICSharpCode.AvalonEdit.dll"
      ],
      "Path": "C:\\Users\\OS\\.nuget\\packages\\avalonedit\\5.0.3"
    },
    {
      "Package": {
        "Id": "BalaReva.DataTable.Activities",
        "Version": "2.0.2"
      },
      "Assemblies": [
        "C:\\Users\\OS\\.nuget\\packages\\balareva.datatable.activities\\2.0.2\\lib\\DataTableExtensions.Activities.dll",
        "C:\\Users\\OS\\.nuget\\packages\\balareva.datatable.activities\\2.0.2\\lib\\DataTableGroup.Design.dll"
      ],
      "Path": "C:\\Users\\OS\\.nuget\\packages\\balareva.datatable.activities\\2.0.2"
    },
    {
      "Package": {
        "Id": "BalaReva.Excel.Activities",
        "Version": "2020.0.0"
      },
      "Assemblies": [
        "C:\\Users\\OS\\.nuget\\packages\\balareva.excel.activities\\2020.0.0\\lib\\BalaReva.Excel.Base.dll",
        "C:\\Users\\OS\\.nuget\\packages\\balareva.excel.activities\\2020.0.0\\lib\\BalaReva.Excel.Design.dll",
        "C:\\Users\\OS\\.nuget\\packages\\balareva.excel.activities\\2020.0.0\\lib\\BalaReva.Excel.dll",
        "C:\\Users\\OS\\.nuget\\packages\\balareva.excel.activities\\2020.0.0\\lib\\BalaReva.Excel.Utilities.dll"
      ],
      "Path": "C:\\Users\\OS\\.nuget\\packages\\balareva.excel.activities\\2020.0.0"
    },
    {
      "Package": {
        "Id": "BalaReva.Pdf.Activities",
        "Version": "2019.3.0"
      },
      "Assemblies": [
        "C:\\Users\\OS\\.nuget\\packages\\balareva.pdf.activities\\2019.3.0\\lib\\BalaReva.PDF.Design.dll",
        "C:\\Users\\OS\\.nuget\\packages\\balareva.pdf.activities\\2019.3.0\\lib\\BalaReva.PDF2.dll"
      ],
      "Path": "C:\\Users\\OS\\.nuget\\packages\\balareva.pdf.activities\\2019.3.0"
    },
    {
      "Package": {
        "Id": "BalaReva.Word.Activities",
        "Version": "4.0.0"
      },
      "Assemblies": [
        "C:\\Users\\OS\\.nuget\\packages\\balareva.word.activities\\4.0.0\\lib\\BalaReva.Word.Activities.dll",
        "C:\\Users\\OS\\.nuget\\packages\\balareva.word.activities\\4.0.0\\lib\\BalaReva.Word.Design.dll",
        "C:\\Users\\OS\\.nuget\\packages\\balareva.word.activities\\4.0.0\\lib\\BalaReva.Word.Utilities.dll"
      ],
      "Path": "C:\\Users\\OS\\.nuget\\packages\\balareva.word.activities\\4.0.0"
    },
    {
      "Package": {
        "Id": "BitMiracle.Docotic.Pdf",
        "Version": "5.10.9957"
      },
      "Assemblies": [
        "C:\\Users\\OS\\.nuget\\packages\\bitmiracle.docotic.pdf\\5.10.9957\\lib\\net40\\BitMiracle.Docotic.Pdf.dll"
      ],
      "Path": "C:\\Users\\OS\\.nuget\\packages\\bitmiracle.docotic.pdf\\5.10.9957"
    },
    {
      "Package": {
        "Id": "BouncyCastle",
        "Version": "1.8.5"
      },
      "Assemblies": [
        "C:\\Users\\OS\\.nuget\\packages\\bouncycastle\\1.8.5\\lib\\BouncyCastle.Crypto.dll"
      ],
      "Path": "C:\\Users\\OS\\.nuget\\packages\\bouncycastle\\1.8.5"
    },
    {
      "Package": {
        "Id": "ClosedXML",
        "Version": "0.94.2"
      },
      "Assemblies": [
        "C:\\Users\\OS\\.nuget\\packages\\closedxml\\0.94.2\\lib\\net46\\ClosedXML.dll"
      ],
      "Path": "C:\\Users\\OS\\.nuget\\packages\\closedxml\\0.94.2"
    },
    {
      "Package": {
        "Id": "CsvHelper",
        "Version": "2.13.5"
      },
      "Assemblies": [
        "C:\\Users\\OS\\.nuget\\packages\\csvhelper\\2.13.5\\lib\\net40-client\\CsvHelper.dll"
      ],
      "Path": "C:\\Users\\OS\\.nuget\\packages\\csvhelper\\2.13.5"
    },
    {
      "Package": {
        "Id": "DocumentFormat.OpenXml",
        "Version": "2.7.2"
      },
      "Assemblies": [
        "C:\\Users\\OS\\.nuget\\packages\\documentformat.openxml\\2.7.2\\lib\\net46\\DocumentFormat.OpenXml.dll"
      ],
      "Path": "C:\\Users\\OS\\.nuget\\packages\\documentformat.openxml\\2.7.2"
    },
    {
      "Package": {
        "Id": "DocX",
        "Version": "1.0.0.18"
      },
      "Assemblies": [
        "C:\\Users\\OS\\.nuget\\packages\\docx\\1.0.0.18\\lib\\net40\\DocX.dll"
      ],
      "Path": "C:\\Users\\OS\\.nuget\\packages\\docx\\1.0.0.18"
    },
    {
      "Package": {
        "Id": "ExcelNumberFormat",
        "Version": "1.0.3"
      },
      "Assemblies": [
        "C:\\Users\\OS\\.nuget\\packages\\excelnumberformat\\1.0.3\\lib\\net20\\ExcelNumberFormat.dll"
      ],
      "Path": "C:\\Users\\OS\\.nuget\\packages\\excelnumberformat\\1.0.3"
    },
    {
      "Package": {
        "Id": "Extended.Wpf.Toolkit",
        "Version": "2.8.0"
      },
      "Assemblies": [
        "C:\\Users\\OS\\.nuget\\packages\\extended.wpf.toolkit\\2.8.0\\lib\\net40\\Xceed.Wpf.AvalonDock.Themes.Aero.dll",
        "C:\\Users\\OS\\.nuget\\packages\\extended.wpf.toolkit\\2.8.0\\lib\\net40\\Xceed.Wpf.AvalonDock.Themes.Metro.dll",
        "C:\\Users\\OS\\.nuget\\packages\\extended.wpf.toolkit\\2.8.0\\lib\\net40\\Xceed.Wpf.AvalonDock.Themes.VS2010.dll",
        "C:\\Users\\OS\\.nuget\\packages\\extended.wpf.toolkit\\2.8.0\\lib\\net40\\Xceed.Wpf.AvalonDock.dll",
        "C:\\Users\\OS\\.nuget\\packages\\extended.wpf.toolkit\\2.8.0\\lib\\net40\\Xceed.Wpf.DataGrid.dll",
        "C:\\Users\\OS\\.nuget\\packages\\extended.wpf.toolkit\\2.8.0\\lib\\net40\\Xceed.Wpf.Toolkit.dll"
      ],
      "Path": "C:\\Users\\OS\\.nuget\\packages\\extended.wpf.toolkit\\2.8.0"
    },
    {
      "Package": {
        "Id": "FastMember",
        "Version": "1.3.0"
      },
      "Assemblies": [
        "C:\\Users\\OS\\.nuget\\packages\\fastmember\\1.3.0\\lib\\net45\\FastMember.dll"
      ],
      "Path": "C:\\Users\\OS\\.nuget\\packages\\fastmember\\1.3.0"
    },
    {
      "Package": {
        "Id": "Humanizer.Core",
        "Version": "2.4.2"
      },
      "Assemblies": [
        "C:\\Users\\OS\\.nuget\\packages\\humanizer.core\\2.4.2\\lib\\netstandard2.0\\Humanizer.dll"
      ],
      "Path": "C:\\Users\\OS\\.nuget\\packages\\humanizer.core\\2.4.2"
    },
    {
      "Package": {
        "Id": "interop.domino.dll",
        "Version": "1.0.0"
      },
      "Assemblies": [
        "C:\\Users\\OS\\.nuget\\packages\\interop.domino.dll\\1.0.0\\lib\\Interop.Domino.dll"
      ],
      "Path": "C:\\Users\\OS\\.nuget\\packages\\interop.domino.dll\\1.0.0"
    },
    {
      "Package": {
        "Id": "iTextSharp",
        "Version": "5.5.13.1"
      },
      "Assemblies": [
        "C:\\Users\\OS\\.nuget\\packages\\itextsharp\\5.5.13.1\\lib\\itextsharp.dll"
      ],
      "Path": "C:\\Users\\OS\\.nuget\\packages\\itextsharp\\5.5.13.1"
    },
    {
      "Package": {
        "Id": "Microsoft.AspNet.SignalR.Client",
        "Version": "2.4.0"
      },
      "Assemblies": [
        "C:\\Users\\OS\\.nuget\\packages\\microsoft.aspnet.signalr.client\\2.4.0\\lib\\net45\\Microsoft.AspNet.SignalR.Client.dll"
      ],
      "Path": "C:\\Users\\OS\\.nuget\\packages\\microsoft.aspnet.signalr.client\\2.4.0"
    },
    {
      "Package": {
        "Id": "Microsoft.Exchange.WebServices",
        "Version": "2.2.0"
      },
      "Assemblies": [
        "C:\\Users\\OS\\.nuget\\packages\\microsoft.exchange.webservices\\2.2.0\\lib\\40\\Microsoft.Exchange.WebServices.Auth.dll",
        "C:\\Users\\OS\\.nuget\\packages\\microsoft.exchange.webservices\\2.2.0\\lib\\40\\Microsoft.Exchange.WebServices.dll"
      ],
      "Path": "C:\\Users\\OS\\.nuget\\packages\\microsoft.exchange.webservices\\2.2.0"
    },
    {
      "Package": {
        "Id": "Microsoft.Graph",
        "Version": "1.12.0"
      },
      "Assemblies": [
        "C:\\Users\\OS\\.nuget\\packages\\microsoft.graph\\1.12.0\\lib\\net45\\Microsoft.Graph.dll"
      ],
      "Path": "C:\\Users\\OS\\.nuget\\packages\\microsoft.graph\\1.12.0"
    },
    {
      "Package": {
        "Id": "Microsoft.Graph.Core",
        "Version": "1.12.0"
      },
      "Assemblies": [
        "C:\\Users\\OS\\.nuget\\packages\\microsoft.graph.core\\1.12.0\\lib\\net45\\Microsoft.Graph.Core.dll"
      ],
      "Path": "C:\\Users\\OS\\.nuget\\packages\\microsoft.graph.core\\1.12.0"
    },
    {
      "Package": {
        "Id": "Microsoft.Identity.Client",
        "Version": "4.14.0"
      },
      "Assemblies": [
        "C:\\Users\\OS\\.nuget\\packages\\microsoft.identity.client\\4.14.0\\lib\\net45\\Microsoft.Identity.Client.dll"
      ],
      "Path": "C:\\Users\\OS\\.nuget\\packages\\microsoft.identity.client\\4.14.0"
    },
    {
      "Package": {
        "Id": "Microsoft.Office.Interop.Excel",
        "Version": "15.0.4795.1000"
      },
      "Assemblies": [
        "C:\\Users\\OS\\.nuget\\packages\\microsoft.office.interop.excel\\15.0.4795.1000\\lib\\net20\\Microsoft.Office.Interop.Excel.dll"
      ],
      "Path": "C:\\Users\\OS\\.nuget\\packages\\microsoft.office.interop.excel\\15.0.4795.1000"
    },
    {
      "Package": {
        "Id": "Microsoft.Office.Interop.Word",
        "Version": "15.0.4797.1003"
      },
      "Assemblies": [
        "C:\\Users\\OS\\.nuget\\packages\\microsoft.office.interop.word\\15.0.4797.1003\\lib\\net20\\Microsoft.Office.Interop.Word.dll"
      ],
      "Path": "C:\\Users\\OS\\.nuget\\packages\\microsoft.office.interop.word\\15.0.4797.1003"
    },
    {
      "Package": {
        "Id": "Microsoft.Rest.ClientRuntime",
        "Version": "2.3.21"
      },
      "Assemblies": [
        "C:\\Users\\OS\\.nuget\\packages\\microsoft.rest.clientruntime\\2.3.21\\lib\\net461\\Microsoft.Rest.ClientRuntime.dll"
      ],
      "Path": "C:\\Users\\OS\\.nuget\\packages\\microsoft.rest.clientruntime\\2.3.21"
    },
    {
      "Package": {
        "Id": "Microsoft.VisualStudio.OLE.Interop",
        "Version": "7.10.6071"
      },
      "Assemblies": [
        "C:\\Users\\OS\\.nuget\\packages\\microsoft.visualstudio.ole.interop\\7.10.6071\\lib\\Microsoft.VisualStudio.OLE.Interop.dll"
      ],
      "Path": "C:\\Users\\OS\\.nuget\\packages\\microsoft.visualstudio.ole.interop\\7.10.6071"
    },
    {
      "Package": {
        "Id": "MicrosoftOfficeCore",
        "Version": "15.0.0"
      },
      "Assemblies": [
        "C:\\Users\\OS\\.nuget\\packages\\microsoftofficecore\\15.0.0\\lib\\net35\\Office.dll"
      ],
      "Path": "C:\\Users\\OS\\.nuget\\packages\\microsoftofficecore\\15.0.0"
    },
    {
      "Package": {
        "Id": "MimeKit",
        "Version": "2.1.3"
      },
      "Assemblies": [
        "C:\\Users\\OS\\.nuget\\packages\\mimekit\\2.1.3\\lib\\net45\\MimeKit.dll"
      ],
      "Path": "C:\\Users\\OS\\.nuget\\packages\\mimekit\\2.1.3"
    },
    {
      "Package": {
        "Id": "Newtonsoft.Json",
        "Version": "11.0.2"
      },
      "Assemblies": [
        "C:\\Users\\OS\\.nuget\\packages\\newtonsoft.json\\11.0.2\\lib\\net45\\Newtonsoft.Json.dll"
      ],
      "Path": "C:\\Users\\OS\\.nuget\\packages\\newtonsoft.json\\11.0.2"
    },
    {
      "Package": {
        "Id": "NPOI",
        "Version": "2.4.1"
      },
      "Assemblies": [
        "C:\\Users\\OS\\.nuget\\packages\\npoi\\2.4.1\\lib\\net45\\NPOI.OOXML.dll",
        "C:\\Users\\OS\\.nuget\\packages\\npoi\\2.4.1\\lib\\net45\\NPOI.OpenXml4Net.dll",
        "C:\\Users\\OS\\.nuget\\packages\\npoi\\2.4.1\\lib\\net45\\NPOI.OpenXmlFormats.dll",
        "C:\\Users\\OS\\.nuget\\packages\\npoi\\2.4.1\\lib\\net45\\NPOI.dll"
      ],
      "Path": "C:\\Users\\OS\\.nuget\\packages\\npoi\\2.4.1"
    },
    {
      "Package": {
        "Id": "PDFsharp",
        "Version": "1.50.5147"
      },
      "Assemblies": [
        "C:\\Users\\OS\\.nuget\\packages\\pdfsharp\\1.50.5147\\lib\\net20\\PdfSharp.Charting.dll",
        "C:\\Users\\OS\\.nuget\\packages\\pdfsharp\\1.50.5147\\lib\\net20\\PdfSharp.dll"
      ],
      "Path": "C:\\Users\\OS\\.nuget\\packages\\pdfsharp\\1.50.5147"
    },
    {
      "Package": {
        "Id": "PDF_Activities",
        "Version": "1.0.2"
      },
      "Assemblies": [
        "C:\\Users\\OS\\.nuget\\packages\\pdf_activities\\1.0.2\\lib\\pdfLibrary.dll"
      ],
      "Path": "C:\\Users\\OS\\.nuget\\packages\\pdf_activities\\1.0.2"
    },
    {
      "Package": {
        "Id": "SharpZipLib",
        "Version": "1.2.0"
      },
      "Assemblies": [
        "C:\\Users\\OS\\.nuget\\packages\\sharpziplib\\1.2.0\\lib\\net45\\ICSharpCode.SharpZipLib.dll"
      ],
      "Path": "C:\\Users\\OS\\.nuget\\packages\\sharpziplib\\1.2.0"
    },
    {
      "Package": {
        "Id": "System.IO.Abstractions",
        "Version": "3.0.10"
      },
      "Assemblies": [
        "C:\\Users\\OS\\.nuget\\packages\\system.io.abstractions\\3.0.10\\lib\\net40\\System.IO.Abstractions.dll"
      ],
      "Path": "C:\\Users\\OS\\.nuget\\packages\\system.io.abstractions\\3.0.10"
    },
    {
      "Package": {
        "Id": "System.IO.FileSystem.Primitives",
        "Version": "4.0.1"
      },
      "Assemblies": [
        "C:\\Users\\OS\\.nuget\\packages\\system.io.filesystem.primitives\\4.0.1\\lib\\net46\\System.IO.FileSystem.Primitives.dll"
      ],
      "Path": "C:\\Users\\OS\\.nuget\\packages\\system.io.filesystem.primitives\\4.0.1"
    },
    {
      "Package": {
        "Id": "System.IO.Packaging",
        "Version": "4.0.0"
      },
      "Assemblies": [
        "C:\\Users\\OS\\.nuget\\packages\\system.io.packaging\\4.0.0\\lib\\net46\\System.IO.Packaging.dll"
      ],
      "Path": "C:\\Users\\OS\\.nuget\\packages\\system.io.packaging\\4.0.0"
    },
    {
      "Package": {
        "Id": "System.Runtime.CompilerServices.Unsafe",
        "Version": "4.5.1"
      },
      "Assemblies": [
        "C:\\Users\\OS\\.nuget\\packages\\system.runtime.compilerservices.unsafe\\4.5.1\\lib\\netstandard2.0\\System.Runtime.CompilerServices.Unsafe.dll"
      ],
      "Path": "C:\\Users\\OS\\.nuget\\packages\\system.runtime.compilerservices.unsafe\\4.5.1"
    },
    {
      "Package": {
        "Id": "System.Threading.Tasks.Dataflow",
        "Version": "4.10.0"
      },
      "Assemblies": [
        "C:\\Users\\OS\\.nuget\\packages\\system.threading.tasks.dataflow\\4.10.0\\lib\\netstandard2.0\\System.Threading.Tasks.Dataflow.dll"
      ],
      "Path": "C:\\Users\\OS\\.nuget\\packages\\system.threading.tasks.dataflow\\4.10.0"
    },
    {
      "Package": {
        "Id": "System.ValueTuple",
        "Version": "4.5.0"
      },
      "Assemblies": [
        "C:\\Users\\OS\\.nuget\\packages\\system.valuetuple\\4.5.0\\lib\\net461\\System.ValueTuple.dll"
      ],
      "Path": "C:\\Users\\OS\\.nuget\\packages\\system.valuetuple\\4.5.0"
    },
    {
      "Package": {
        "Id": "UiPath",
        "Version": "20.6.7473.25550-preview"
      },
      "Assemblies": [
        "C:\\Users\\OS\\.nuget\\packages\\uipath\\20.6.7473.25550-preview\\lib\\UiPath.Interop.dll"
      ],
      "Path": "C:\\Users\\OS\\.nuget\\packages\\uipath\\20.6.7473.25550-preview"
    },
    {
      "Package": {
        "Id": "UiPath.Excel.Activities",
        "Version": "2.9.0-preview"
      },
      "Assemblies": [
        "C:\\Users\\OS\\.nuget\\packages\\uipath.excel.activities\\2.9.0-preview\\lib\\net461\\UiPath.Excel.Activities.Design.dll",
        "C:\\Users\\OS\\.nuget\\packages\\uipath.excel.activities\\2.9.0-preview\\lib\\net461\\UiPath.Excel.Activities.dll",
        "C:\\Users\\OS\\.nuget\\packages\\uipath.excel.activities\\2.9.0-preview\\lib\\net461\\UiPath.Excel.dll"
      ],
      "Path": "C:\\Users\\OS\\.nuget\\packages\\uipath.excel.activities\\2.9.0-preview"
    },
    {
      "Package": {
        "Id": "UiPath.Mail.Activities",
        "Version": "1.9.0-preview"
      },
      "Assemblies": [
        "C:\\Users\\OS\\.nuget\\packages\\uipath.mail.activities\\1.9.0-preview\\lib\\net461\\MailKit.dll",
        "C:\\Users\\OS\\.nuget\\packages\\uipath.mail.activities\\1.9.0-preview\\lib\\net461\\MimeKit.dll",
        "C:\\Users\\OS\\.nuget\\packages\\uipath.mail.activities\\1.9.0-preview\\lib\\net461\\UiPath.Mail.Activities.Design.dll",
        "C:\\Users\\OS\\.nuget\\packages\\uipath.mail.activities\\1.9.0-preview\\lib\\net461\\UiPath.Mail.Activities.dll",
        "C:\\Users\\OS\\.nuget\\packages\\uipath.mail.activities\\1.9.0-preview\\lib\\net461\\UiPath.Mail.dll"
      ],
      "Path": "C:\\Users\\OS\\.nuget\\packages\\uipath.mail.activities\\1.9.0-preview"
    },
    {
      "Package": {
        "Id": "UiPath.MicrosoftOffice365.Activities",
        "Version": "1.3.0"
      },
      "Assemblies": [
        "C:\\Users\\OS\\.nuget\\packages\\uipath.microsoftoffice365.activities\\1.3.0\\lib\\net461\\UiPath.MicrosoftOffice365.Activities.Design.dll",
        "C:\\Users\\OS\\.nuget\\packages\\uipath.microsoftoffice365.activities\\1.3.0\\lib\\net461\\UiPath.MicrosoftOffice365.Activities.dll",
        "C:\\Users\\OS\\.nuget\\packages\\uipath.microsoftoffice365.activities\\1.3.0\\lib\\net461\\UiPath.MicrosoftOffice365.dll"
      ],
      "Path": "C:\\Users\\OS\\.nuget\\packages\\uipath.microsoftoffice365.activities\\1.3.0"
    },
    {
      "Package": {
        "Id": "UiPath.OCR.Contracts",
        "Version": "2.6.0"
      },
      "Assemblies": [
        "C:\\Users\\OS\\.nuget\\packages\\uipath.ocr.contracts\\2.6.0\\lib\\net461\\UiPath.OCR.Contracts.dll"
      ],
      "Path": "C:\\Users\\OS\\.nuget\\packages\\uipath.ocr.contracts\\2.6.0"
    },
    {
      "Package": {
        "Id": "UiPath.PDF.Activities",
        "Version": "3.2.2"
      },
      "Assemblies": [
        "C:\\Users\\OS\\.nuget\\packages\\uipath.pdf.activities\\3.2.2\\lib\\net461\\UiPath.PDF.Activities.Design.dll",
        "C:\\Users\\OS\\.nuget\\packages\\uipath.pdf.activities\\3.2.2\\lib\\net461\\UiPath.PDF.Activities.dll",
        "C:\\Users\\OS\\.nuget\\packages\\uipath.pdf.activities\\3.2.2\\lib\\net461\\UiPath.PDF.dll"
      ],
      "Path": "C:\\Users\\OS\\.nuget\\packages\\uipath.pdf.activities\\3.2.2"
    },
    {
      "Package": {
        "Id": "UiPath.Platform",
        "Version": "20.4.0"
      },
      "Assemblies": [
        "C:\\Users\\OS\\.nuget\\packages\\uipath.platform\\20.4.0\\lib\\net461\\UiPath.Platform.dll"
      ],
      "Path": "C:\\Users\\OS\\.nuget\\packages\\uipath.platform\\20.4.0"
    },
    {
      "Package": {
        "Id": "UiPath.System.Activities",
        "Version": "20.6.1-preview"
      },
      "Assemblies": [
        "C:\\Users\\OS\\.nuget\\packages\\uipath.system.activities\\20.6.1-preview\\lib\\net461\\ActiproSoftware.Docking.Wpf.dll",
        "C:\\Users\\OS\\.nuget\\packages\\uipath.system.activities\\20.6.1-preview\\lib\\net461\\ActiproSoftware.Ribbon.Wpf.dll",
        "C:\\Users\\OS\\.nuget\\packages\\uipath.system.activities\\20.6.1-preview\\lib\\net461\\ActiproSoftware.Shared.Wpf.dll",
        "C:\\Users\\OS\\.nuget\\packages\\uipath.system.activities\\20.6.1-preview\\lib\\net461\\ActiproSoftware.SyntaxEditor.Addons.DotNet.Wpf.dll",
        "C:\\Users\\OS\\.nuget\\packages\\uipath.system.activities\\20.6.1-preview\\lib\\net461\\ActiproSoftware.SyntaxEditor.Wpf.dll",
        "C:\\Users\\OS\\.nuget\\packages\\uipath.system.activities\\20.6.1-preview\\lib\\net461\\ActiproSoftware.Text.Addons.DotNet.Wpf.dll",
        "C:\\Users\\OS\\.nuget\\packages\\uipath.system.activities\\20.6.1-preview\\lib\\net461\\ActiproSoftware.Text.LLParser.Wpf.dll",
        "C:\\Users\\OS\\.nuget\\packages\\uipath.system.activities\\20.6.1-preview\\lib\\net461\\ActiproSoftware.Text.Wpf.dll",
        "C:\\Users\\OS\\.nuget\\packages\\uipath.system.activities\\20.6.1-preview\\lib\\net461\\ActiproSoftware.Wizard.Wpf.dll",
        "C:\\Users\\OS\\.nuget\\packages\\uipath.system.activities\\20.6.1-preview\\lib\\net461\\CustomInputForm.exe",
        "C:\\Users\\OS\\.nuget\\packages\\uipath.system.activities\\20.6.1-preview\\lib\\net461\\UiPath.OrchestratorClient.dll",
        "C:\\Users\\OS\\.nuget\\packages\\uipath.system.activities\\20.6.1-preview\\lib\\net461\\UiPath.System.Activities.Design.dll",
        "C:\\Users\\OS\\.nuget\\packages\\uipath.system.activities\\20.6.1-preview\\lib\\net461\\UiPath.System.Activities.dll"
      ],
      "Path": "C:\\Users\\OS\\.nuget\\packages\\uipath.system.activities\\20.6.1-preview"
    },
    {
      "Package": {
        "Id": "UiPath.Telemetry.Client",
        "Version": "1.2.20"
      },
      "Assemblies": [
        "C:\\Users\\OS\\.nuget\\packages\\uipath.telemetry.client\\1.2.20\\lib\\net461\\TelemetryClient.dll"
      ],
      "Path": "C:\\Users\\OS\\.nuget\\packages\\uipath.telemetry.client\\1.2.20"
    },
    {
      "Package": {
        "Id": "UiPath.UIAutomation.Activities",
        "Version": "20.6.0-preview"
      },
      "Assemblies": [
        "C:\\Users\\OS\\.nuget\\packages\\uipath.uiautomation.activities\\20.6.0-preview\\lib\\net461\\ActiproSoftware.DataGrid.Contrib.Wpf.dll",
        "C:\\Users\\OS\\.nuget\\packages\\uipath.uiautomation.activities\\20.6.0-preview\\lib\\net461\\ActiproSoftware.Docking.Wpf.dll",
        "C:\\Users\\OS\\.nuget\\packages\\uipath.uiautomation.activities\\20.6.0-preview\\lib\\net461\\ActiproSoftware.Editors.Wpf.dll",
        "C:\\Users\\OS\\.nuget\\packages\\uipath.uiautomation.activities\\20.6.0-preview\\lib\\net461\\ActiproSoftware.Ribbon.Wpf.dll",
        "C:\\Users\\OS\\.nuget\\packages\\uipath.uiautomation.activities\\20.6.0-preview\\lib\\net461\\ActiproSoftware.Shared.Wpf.dll",
        "C:\\Users\\OS\\.nuget\\packages\\uipath.uiautomation.activities\\20.6.0-preview\\lib\\net461\\ActiproSoftware.SyntaxEditor.Addons.DotNet.Wpf.dll",
        "C:\\Users\\OS\\.nuget\\packages\\uipath.uiautomation.activities\\20.6.0-preview\\lib\\net461\\ActiproSoftware.SyntaxEditor.Wpf.dll",
        "C:\\Users\\OS\\.nuget\\packages\\uipath.uiautomation.activities\\20.6.0-preview\\lib\\net461\\ActiproSoftware.Text.Addons.DotNet.Wpf.dll",
        "C:\\Users\\OS\\.nuget\\packages\\uipath.uiautomation.activities\\20.6.0-preview\\lib\\net461\\ActiproSoftware.Text.LLParser.Wpf.dll",
        "C:\\Users\\OS\\.nuget\\packages\\uipath.uiautomation.activities\\20.6.0-preview\\lib\\net461\\ActiproSoftware.Text.Wpf.dll",
        "C:\\Users\\OS\\.nuget\\packages\\uipath.uiautomation.activities\\20.6.0-preview\\lib\\net461\\ActiproSoftware.Wizard.Wpf.dll",
        "C:\\Users\\OS\\.nuget\\packages\\uipath.uiautomation.activities\\20.6.0-preview\\lib\\net461\\UiPath.CV.Activities.Design.dll",
        "C:\\Users\\OS\\.nuget\\packages\\uipath.uiautomation.activities\\20.6.0-preview\\lib\\net461\\UiPath.CV.Activities.dll",
        "C:\\Users\\OS\\.nuget\\packages\\uipath.uiautomation.activities\\20.6.0-preview\\lib\\net461\\UiPath.CV.dll",
        "C:\\Users\\OS\\.nuget\\packages\\uipath.uiautomation.activities\\20.6.0-preview\\lib\\net461\\UiPath.UIAutomation.Activities.Design.dll",
        "C:\\Users\\OS\\.nuget\\packages\\uipath.uiautomation.activities\\20.6.0-preview\\lib\\net461\\UiPath.UiAutomation.Activities.dll",
        "C:\\Users\\OS\\.nuget\\packages\\uipath.uiautomation.activities\\20.6.0-preview\\lib\\net461\\UiPath.Wizards.dll"
      ],
      "Path": "C:\\Users\\OS\\.nuget\\packages\\uipath.uiautomation.activities\\20.6.0-preview"
    },
    {
      "Package": {
        "Id": "UiPath.Vision",
        "Version": "2.1.0-preview"
      },
      "Assemblies": [
        "C:\\Users\\OS\\.nuget\\packages\\uipath.vision\\2.1.0-preview\\lib\\net461\\UiPath.Vision.Core.dll",
        "C:\\Users\\OS\\.nuget\\packages\\uipath.vision\\2.1.0-preview\\lib\\net461\\UiPath.Vision.dll"
      ],
      "Path": "C:\\Users\\OS\\.nuget\\packages\\uipath.vision\\2.1.0-preview"
    },
    {
      "Package": {
        "Id": "UiPath.Word.Activities",
        "Version": "1.5.0-preview"
      },
      "Assemblies": [
        "C:\\Users\\OS\\.nuget\\packages\\uipath.word.activities\\1.5.0-preview\\lib\\net461\\UiPath.Word.Activities.Design.dll",
        "C:\\Users\\OS\\.nuget\\packages\\uipath.word.activities\\1.5.0-preview\\lib\\net461\\UiPath.Word.Activities.dll",
        "C:\\Users\\OS\\.nuget\\packages\\uipath.word.activities\\1.5.0-preview\\lib\\net461\\UiPath.Word.dll"
      ],
      "Path": "C:\\Users\\OS\\.nuget\\packages\\uipath.word.activities\\1.5.0-preview"
    },
    {
      "Package": {
        "Id": "UiPathTeam.ExtractWordDocumentDatatable",
        "Version": "1.0.0"
      },
      "Assemblies": [
        "C:\\Users\\OS\\.nuget\\packages\\uipathteam.extractworddocumentdatatable\\1.0.0\\lib\\UiPathTeam.ExtractWordDocumentDataTable.dll"
      ],
      "Path": "C:\\Users\\OS\\.nuget\\packages\\uipathteam.extractworddocumentdatatable\\1.0.0"
    },
    {
      "Package": {
        "Id": "UiPathTeam.PDF.Extensions.Activities",
        "Version": "2.4.0"
      },
      "Assemblies": [
        "C:\\Users\\OS\\.nuget\\packages\\uipathteam.pdf.extensions.activities\\2.4.0\\lib\\net461\\UiPathTeam.PDF.Extensions.Activities.dll"
      ],
      "Path": "C:\\Users\\OS\\.nuget\\packages\\uipathteam.pdf.extensions.activities\\2.4.0"
    },
    {
      "Package": {
        "Id": "WordActivities",
        "Version": "2.3.3"
      },
      "Assemblies": [
        "C:\\Users\\OS\\.nuget\\packages\\wordactivities\\2.3.3\\lib\\MSWord.dll"
      ],
      "Path": "C:\\Users\\OS\\.nuget\\packages\\wordactivities\\2.3.3"
    }
  ]
}